manufacturer,manufacturerLabel,countryLabel,headquartersLabel,coordinates
http://www.wikidata.org/entity/Q2308012,Q2308012,Франция,Мольсем,
http://www.wikidata.org/entity/Q2308012,Q2308012,Франция,Дорлисайм,
http://www.wikidata.org/entity/Q26678,Q26678,Германия,Мюнхен,
http://www.wikidata.org/entity/Q9380476,Q9380476,Польша,Калиш,
http://www.wikidata.org/entity/Q262737,ABC Motors,Великобритания,Хершам,
http://www.wikidata.org/entity/Q19606251,Academy of Aerospace Liquid Propulsion Technology,Китай,Чанъань,
http://www.wikidata.org/entity/Q16164270,Alfa Romeo Avio,Италия,Помильяно-д'Арко,
http://www.wikidata.org/entity/Q15957753,Anzani,Италия,Курбевуа,
http://www.wikidata.org/entity/Q15957753,Anzani,Великобритания,Курбевуа,
http://www.wikidata.org/entity/Q15957753,Anzani,Франция,Курбевуа,
http://www.wikidata.org/entity/Q544408,Argus Motoren,Германия,Райниккендорф,Point(13.359221306 52.578151077)
http://www.wikidata.org/entity/Q544408,Argus Motoren,Германский рейх,Райниккендорф,Point(13.359221306 52.578151077)
http://www.wikidata.org/entity/Q19951610,ArianeGroup,Франция,Ле-Мюро,
http://www.wikidata.org/entity/Q19951610,ArianeGroup,Германия,Ле-Мюро,
http://www.wikidata.org/entity/Q689325,Armstrong Siddeley,Великобритания,Ковентри,
http://www.wikidata.org/entity/Q783818,Austro Engine,Австрия,Винер-Нойштадт,
http://www.wikidata.org/entity/Q791069,Avio,Италия,Коллеферро,
http://www.wikidata.org/entity/Q795426,BARD Holding,Германия,Эмден,
http://www.wikidata.org/entity/Q4891523,Bergen Engines,Норвегия,Берген,
http://www.wikidata.org/entity/Q891797,Bombardier Recreational Products,Канада,Монреаль,
http://www.wikidata.org/entity/Q530523,Bristol Siddeley,Великобритания,Филтон,
http://www.wikidata.org/entity/Q1069840,Chenard-Walcker,Франция,Женвилье,
http://www.wikidata.org/entity/Q5167745,Cooper-Bessemer Corporation,США,,
http://www.wikidata.org/entity/Q2602885,Crossley Motors,Великобритания,Манчестер,
http://www.wikidata.org/entity/Q5204857,DESA,Иран,Тегеран,
http://www.wikidata.org/entity/Q2207737,De Industrie,Нидерланды,,
http://www.wikidata.org/entity/Q30297940,Deployable Space Systems,США,Голита,
http://www.wikidata.org/entity/Q1201531,Detroit Diesel,США,Детройт,
http://www.wikidata.org/entity/Q131651761,Enpulsion,Австрия,Швехат,
http://www.wikidata.org/entity/Q656469,Europrop International,Германия,Мюнхен,
http://www.wikidata.org/entity/Q3083238,Française de Mécanique,Франция,Дуврен,
http://www.wikidata.org/entity/Q64141720,Frontier Aerospace,США,Сими-Валли,
http://www.wikidata.org/entity/Q1313737,Fuhrländer,Германия,Либеншайд,
http://www.wikidata.org/entity/Q15050549,GAZ-45,Россия,,
http://www.wikidata.org/entity/Q5513251,GE Aerospace,США,King of Prussia,
http://www.wikidata.org/entity/Q30292220,GE Renewable Energy (Germany),Германия,Зальцберген,
http://www.wikidata.org/entity/Q42916742,Gamesa,Испания,Самудио,
http://www.wikidata.org/entity/Q5526315,Gas Turbine Research Establishment,Индия,,Point(77.591666666 12.978888888)
http://www.wikidata.org/entity/Q81965,General Motors,США,Детройт,
http://www.wikidata.org/entity/Q17053670,Godrej & Boyce,Индия,Мумбаи,
http://www.wikidata.org/entity/Q16184260,HD Hyundai Infracore,Республика Корея,Инчхон,
http://www.wikidata.org/entity/Q5642546,Hall-Scott,США,Беркли,
http://www.wikidata.org/entity/Q370337,Hiro Naval Arsenal,Япония,,
http://www.wikidata.org/entity/Q826738,Hirth aircraft engines,Германия,Штутгарт,
http://www.wikidata.org/entity/Q11223969,IHI Aerospace,Япония,Томиока,
http://www.wikidata.org/entity/Q136649890,Inversion Space,США,Лос-Анджелес,
http://www.wikidata.org/entity/Q1328738,Isotta Fraschini Motori,Италия,Бари,
http://www.wikidata.org/entity/Q1713670,Junkers Motorenbau und Junkers Flugzeugwerk,Германский рейх,Дессау,
http://www.wikidata.org/entity/Q17112014,KHD Humboldt Wedag,Германия,Кёльн,
http://www.wikidata.org/entity/Q6414061,Kinner Airplane & Motor Corporation,США,Глендейл,
http://www.wikidata.org/entity/Q1429537,L. Gardner and Sons,Великобритания,,
http://www.wikidata.org/entity/Q1429537,L. Gardner and Sons,Соединённое королевство Великобритании и Ирландии,,
http://www.wikidata.org/entity/Q12032407,LOM Praha,Чехия,Прага,
http://www.wikidata.org/entity/Q48772158,LandSpace,Китай,Пекин,
http://www.wikidata.org/entity/Q6503731,Lawrance Aero Engine Company,США,,
http://www.wikidata.org/entity/Q1825353,Limbach,Германия,Кёнигсвинтер,
http://www.wikidata.org/entity/Q6710567,Lyulka,СССР,Москва,
http://www.wikidata.org/entity/Q1305423,MAN Engines,США,Германия,
http://www.wikidata.org/entity/Q63829663,MHI Vestas Offshore Wind,Дания,Орхус,
http://www.wikidata.org/entity/Q6772485,Marquardt Corporation,США,Лос-Анджелес,
http://www.wikidata.org/entity/Q6772485,Marquardt Corporation,США,Ван-Найс,
http://www.wikidata.org/entity/Q6907265,Moog Inc.,США,Elma,
http://www.wikidata.org/entity/Q474908,Motorenfabrik Oberursel,Германский рейх,Дармштадт,Point(8.567823 50.211364)
http://www.wikidata.org/entity/Q474908,Motorenfabrik Oberursel,Германский рейх,Оберурзель,Point(8.567823 50.211364)
http://www.wikidata.org/entity/Q1629753,National Aeronautical Company,Италия,,
http://www.wikidata.org/entity/Q3014558,Naval Air Weapons Station China Lake,США,,Point(-117.691944444 35.685555555)
http://www.wikidata.org/entity/Q1974037,Nedwind,Нидерланды,,
http://www.wikidata.org/entity/Q48774715,Orbital Propulsion Centre,Германия,Lampoldshausen,Point(9.373857651 49.282388418)
http://www.wikidata.org/entity/Q21076153,PLD Space,Испания,Эльче,
http://www.wikidata.org/entity/Q9380477,PZL Rzeszów,Польша,Жешув,
http://www.wikidata.org/entity/Q833266,Panasonic Corporation,Япония,,
http://www.wikidata.org/entity/Q3373231,Paxman,Великобритания,,
http://www.wikidata.org/entity/Q98669624,RED aircraft GmbH,Германия,Аденау,
http://www.wikidata.org/entity/Q3421537,Reaction Motors,США,,
http://www.wikidata.org/entity/Q54263821,Relativity Space,США,Лос-Анджелес,
http://www.wikidata.org/entity/Q54263821,Relativity Space,США,Сиэтл,
http://www.wikidata.org/entity/Q54263821,Relativity Space,США,Лонг-Бич,
http://www.wikidata.org/entity/Q54263821,Relativity Space,США,Инглвуд,
http://www.wikidata.org/entity/Q98584518,Renault,Франция,Булонь-Бийанкур,
http://www.wikidata.org/entity/Q7337143,Rocketdyne,США,Лос-Анджелес,
http://www.wikidata.org/entity/Q4500864,Rolls-Royce North America,США,Рестон,
http://www.wikidata.org/entity/Q783941,Rolls-Royce Turbomeca Limited,Великобритания,,
http://www.wikidata.org/entity/Q696808,Rotax,Канада,Гунскирхен,
http://www.wikidata.org/entity/Q15137132,Ruston Proctor,Великобритания,,
http://www.wikidata.org/entity/Q1931670,Safran Power Units,Франция,Тулуза,
http://www.wikidata.org/entity/Q2239103,Schlepperwerk Nordhausen,ГДР,Нордхаузен,
http://www.wikidata.org/entity/Q860643,Siddeley-Deasy,Великобритания,Ковентри,
http://www.wikidata.org/entity/Q820588,Siemens Gamesa Renewable Energy,Испания,Гамбург,
http://www.wikidata.org/entity/Q820588,Siemens Gamesa Renewable Energy,Испания,Самудио,
http://www.wikidata.org/entity/Q820588,Siemens Gamesa Renewable Energy,Испания,Бранне,
http://www.wikidata.org/entity/Q131651011,SolidSail Mast Factory,Франция,Ланесте,
http://www.wikidata.org/entity/Q118511389,Summa Technology,США,Хантсвилл,
http://www.wikidata.org/entity/Q181642,Suzuki Motor Corporation,Япония,Хамамацу,
http://www.wikidata.org/entity/Q7696135,Teledyne Turbine Engines,США,Толидо,
http://www.wikidata.org/entity/Q2420728,Thielert,Германия,Гамбург,
http://www.wikidata.org/entity/Q53268,Toyota,Япония,Тоёта,
http://www.wikidata.org/entity/Q3920489,ULPower Aero Engines,Бельгия,Зоннебеке,
http://www.wikidata.org/entity/Q9380475,WSW Andoria,Польша,,Point(19.3353 49.8583)
http://www.wikidata.org/entity/Q59186,Walter Aircraft Engines,Чехия,Прага,Point(14.375322222 50.055986111)
http://www.wikidata.org/entity/Q110074424,"Warchalowski, Eissler & Co.",Австрия,Вена,
http://www.wikidata.org/entity/Q110074424,"Warchalowski, Eissler & Co.",Австрия,Оттакринг,
http://www.wikidata.org/entity/Q4018221,Warner Aircraft Corporation,США,Детройт,
http://www.wikidata.org/entity/Q623503,William Beardmore and Company,Великобритания,Parkhead,
http://www.wikidata.org/entity/Q2032942,Williams International,США,Коммерс (Мичиган),
http://www.wikidata.org/entity/Q1971987,Wright Aeronautical,США,Нью-Джерси,
http://www.wikidata.org/entity/Q492062,Wright-Martin,США,,
http://www.wikidata.org/entity/Q520763,Yanmar,Япония,Chayamachi,
http://www.wikidata.org/entity/Q336802,ČKD-Praga,Чехословакия,,
http://www.wikidata.org/entity/Q52825,ABB,Швейцария,Цюрих,
http://www.wikidata.org/entity/Q52825,ABB,Швейцария,Вестерос,
http://www.wikidata.org/entity/Q105638404,ABL Space Systems,США,Лонг-Бич,
http://www.wikidata.org/entity/Q2860871,Adwen,Германия,Бремерхафен,
http://www.wikidata.org/entity/Q16970526,Aerojet Rocketdyne,США,Ранчо-Кордова,
http://www.wikidata.org/entity/Q94094,Aichi,Япония,Нагоя,
http://www.wikidata.org/entity/Q26921,Alfa Romeo,Италия,Турин,
http://www.wikidata.org/entity/Q238765,Alliant Techsystems,США,Арлингтон,
http://www.wikidata.org/entity/Q309084,Alstom,Франция,Сент-Уан-сюр-Сен,
http://www.wikidata.org/entity/Q26952,Alvis Cars,Великобритания,Ковентри,
http://www.wikidata.org/entity/Q383589,American Locomotive Company,США,Нью-Йорк,
http://www.wikidata.org/entity/Q383589,American Locomotive Company,США,Скенектади,
http://www.wikidata.org/entity/Q781156,Austin Motor Company,Марокко,Бирмингем,
http://www.wikidata.org/entity/Q27091,Austro-Daimler,Австрия,Австрия,
http://www.wikidata.org/entity/Q27091,Austro-Daimler,Австрия,Винер-Нойштадт,
http://www.wikidata.org/entity/Q27143,Avia,Чехия,Прага,
http://www.wikidata.org/entity/Q804868,Baldwin Locomotive Works,США,Eddystone,
http://www.wikidata.org/entity/Q813639,Bechtel,США,Рестон,
http://www.wikidata.org/entity/Q815695,Bell Aircraft,США,Буффало,
http://www.wikidata.org/entity/Q203020,Benz & Cie.,Германия,Мангейм,
http://www.wikidata.org/entity/Q633316,Blackburn Aircraft,Великобритания,Brough,
http://www.wikidata.org/entity/Q885836,Blue Origin,США,Вашингтон,
http://www.wikidata.org/entity/Q885836,Blue Origin,США,Кент,
http://www.wikidata.org/entity/Q325288,Brandenburgische Motorenwerke,Германия,Берлин,
http://www.wikidata.org/entity/Q2046187,British Leyland Motor Corporation,Великобритания,Cowley,
http://www.wikidata.org/entity/Q2046187,British Leyland Motor Corporation,Великобритания,Лонгбридж,
http://www.wikidata.org/entity/Q386065,British Motor Corporation,Великобритания,Бирмингем,
http://www.wikidata.org/entity/Q27415,Buick,США,Детройт,
http://www.wikidata.org/entity/Q459965,Caterpillar,США,Ирвинг,
http://www.wikidata.org/entity/Q765925,Chantiers de l'Atlantique,Франция,Сен-Назер,
http://www.wikidata.org/entity/Q172740,Cosworth,Великобритания,Нортгемптон,
http://www.wikidata.org/entity/Q173476,Cummins,США,Колумбус,
http://www.wikidata.org/entity/Q1145694,Curtiss Aeroplane and Motor Company,США,Буффало,
http://www.wikidata.org/entity/Q1138291,Curtiss-Wright,США,Шарлотт,
http://www.wikidata.org/entity/Q27511,Daihatsu,Япония,Осака,
http://www.wikidata.org/entity/Q27539,Daimler Motor Company,Великобритания,Ковентри,
http://www.wikidata.org/entity/Q541477,Daimler-Benz,Германия,Штутгарт,
http://www.wikidata.org/entity/Q699551,Daimler-Motoren-Gesellschaft,Германский рейх,Берлин,
http://www.wikidata.org/entity/Q699551,Daimler-Motoren-Gesellschaft,Германский рейх,Штутгарт,
http://www.wikidata.org/entity/Q283666,De Havilland,Великобритания,Хартфордшир,
http://www.wikidata.org/entity/Q283666,De Havilland,Великобритания,Хатфилд,
http://www.wikidata.org/entity/Q533617,Deutz AG,Германия,Кёльн,
http://www.wikidata.org/entity/Q499207,EADS Astrium,Франция,Париж,
http://www.wikidata.org/entity/Q499207,EADS Astrium,Франция,Оттобрунн,
http://www.wikidata.org/entity/Q568501,Electro-Motive Diesel,США,Ла-Грейндж,
http://www.wikidata.org/entity/Q508839,Enercon,Германия,Аурих,
http://www.wikidata.org/entity/Q1342423,Engine Alliance,США,Ист-Хартфорд,
http://www.wikidata.org/entity/Q80281,FPT Industrial,Италия,Турин,
http://www.wikidata.org/entity/Q27586,Ferrari,Италия,Маранелло,
http://www.wikidata.org/entity/Q27597,Fiat,Италия,Турин,
http://www.wikidata.org/entity/Q3071233,Fiat Aviazione,Италия,Турин,
http://www.wikidata.org/entity/Q940689,Fiat Group,Италия,Турин,
http://www.wikidata.org/entity/Q44294,Ford,США,Дирборн,
http://www.wikidata.org/entity/Q1485061,GE Aviation,США,Evendale,
http://www.wikidata.org/entity/Q634056,GE Wind Energy,Германия,Зальцберген,
http://www.wikidata.org/entity/Q597047,GKN,Великобритания,Реддитч,
http://www.wikidata.org/entity/Q1501547,General Atomics,США,Сан-Диего,
http://www.wikidata.org/entity/Q502940,General Dynamics,США,Рестон,
http://www.wikidata.org/entity/Q54173,General Electric,США,Бостон,
http://www.wikidata.org/entity/Q1090900,Goldwind,Китай,Урумчи,
http://www.wikidata.org/entity/Q275623,Groupe PSA,Франция,Рюэй-Мальмезон,
http://www.wikidata.org/entity/Q5616943,Guizhou Aircraft Industry Corporation,Китай,Шэньян,
http://www.wikidata.org/entity/Q192814,Harley-Davidson,США,Милуоки,
http://www.wikidata.org/entity/Q357095,Hindustan Aeronautics,Индия,Бангалор,
http://www.wikidata.org/entity/Q29068,Hispano-Suiza,Испания,La Sagrera,
http://www.wikidata.org/entity/Q29068,Hispano-Suiza,Франция,La Sagrera,
http://www.wikidata.org/entity/Q9584,Honda,Япония,Минато,
http://www.wikidata.org/entity/Q29296,Horch,Германия,Цвиккау,Point(12.479540145 50.731848873)
http://www.wikidata.org/entity/Q1636194,Humber,Великобритания,Ковентри,
http://www.wikidata.org/entity/Q292773,IAR,Румыния,Гимбав,
http://www.wikidata.org/entity/Q1653679,IHI Corporation,Япония,Токио,
http://www.wikidata.org/entity/Q60760151,Intuitive Machines,США,Хьюстон,
http://www.wikidata.org/entity/Q1674581,Isotta Fraschini,Италия,Милан,
http://www.wikidata.org/entity/Q29803,Isuzu,Япония,Иокогама,
http://www.wikidata.org/entity/Q161168,Junkers,Германский рейх,Дессау,
http://www.wikidata.org/entity/Q748148,Kawasaki Heavy Industries,Япония,Токио,
http://www.wikidata.org/entity/Q748148,Kawasaki Heavy Industries,Япония,Кобе,
http://www.wikidata.org/entity/Q748148,Kawasaki Heavy Industries,Япония,Kobe Crystal Tower,
http://www.wikidata.org/entity/Q249033,Kawasaki Heavy Industries Motorcycle & Engine,Япония,Акаси,
http://www.wikidata.org/entity/Q1781428,L-3 Communications,США,Нью-Йорк,
http://www.wikidata.org/entity/Q35953,MAN,Германия,Мюнхен,
http://www.wikidata.org/entity/Q659651,MAN Diesel SE,Германия,Аугсбург,
http://www.wikidata.org/entity/Q1881126,MAN Energy Solutions,Германия,Аугсбург,
http://www.wikidata.org/entity/Q128929,MTU Aero Engines,Германия,Мюнхен,
http://www.wikidata.org/entity/Q548006,MTU ONSITE,Германия,Фридрихсхафен,
http://www.wikidata.org/entity/Q35989,Maybach,Германия,Штутгарт,
http://www.wikidata.org/entity/Q42302055,Maybach-Motorenbau,Германия,Фридрихсхафен,
http://www.wikidata.org/entity/Q42302055,Maybach-Motorenbau,Германия,Битигхайм-Биссинген,
http://www.wikidata.org/entity/Q35996,Mazda,Япония,Футю,
http://www.wikidata.org/entity/Q1351854,McLaren,Великобритания,McLaren Technology Centre,
http://www.wikidata.org/entity/Q26966,Mercedes-AMG GmbH,Германия,Аффальтербах,
http://www.wikidata.org/entity/Q76754241,Mercedes-Benz,Германия,Штутгарт,
http://www.wikidata.org/entity/Q27530,Mercedes-Benz Group,Германия,Штутгарт,
http://www.wikidata.org/entity/Q648280,Mitsubishi Heavy Industries,Япония,Минато,
http://www.wikidata.org/entity/Q36033,Mitsubishi Motors,Япония,Минато,
http://www.wikidata.org/entity/Q1964355,Nammo,Норвегия,Рауфосс,
http://www.wikidata.org/entity/Q20165,Nissan,Япония,Иокогама,
http://www.wikidata.org/entity/Q20165,Nissan,Япония,Монтиньи-ле-Бретонне,
http://www.wikidata.org/entity/Q571700,Nordex,Германия,Гамбург,
http://www.wikidata.org/entity/Q571700,Nordex,Германия,Росток,
http://www.wikidata.org/entity/Q86894155,Northrop Grumman Space Systems,США,Dulles,
http://www.wikidata.org/entity/Q841263,Piaggio,Италия,Понтедера,Point(10.6225 43.661388888)
http://www.wikidata.org/entity/Q40996,Praga,Чехословакия,,
http://www.wikidata.org/entity/Q173150,Pratt & Whitney,США,Ист-Хартфорд,
http://www.wikidata.org/entity/Q1969155,Pratt & Whitney Canada,Канада,Лонгёй,
http://www.wikidata.org/entity/Q6686,Renault,Франция,Булонь-Бийанкур,
http://www.wikidata.org/entity/Q7322867,Ricardo plc,Великобритания,Шорхэм-бай-Си,
http://www.wikidata.org/entity/Q116319,Rocket Lab,США,Хантингтон-Бич,
http://www.wikidata.org/entity/Q243278,Rolls-Royce,Великобритания,Лондон,
http://www.wikidata.org/entity/Q679888,Rolls-Royce Limited,Великобритания,Дерби,
http://www.wikidata.org/entity/Q7361332,Rolls-Royce Marine Power Operations,Великобритания,,
http://www.wikidata.org/entity/Q2625271,Rover Group,Великобритания,Бирмингем,
http://www.wikidata.org/entity/Q1571336,Ruston & Hornsby,Великобритания,Линкольн,
http://www.wikidata.org/entity/Q48957,Saab Automobile AB,Швеция,Тролльхеттан,
http://www.wikidata.org/entity/Q1886126,Safran SA,Франция,Париж,
http://www.wikidata.org/entity/Q2037004,Salmson,Франция,Булонь-Бийанкур,
http://www.wikidata.org/entity/Q219960,Scania,Швеция,Сёдертелье,Point(17.640555555 59.170555555)
http://www.wikidata.org/entity/Q457043,Senvion SE,Германия,Гамбург,
http://www.wikidata.org/entity/Q136478,Shenyang Aircraft Corporation,Китай,Шэньян,Point(123.434359 41.866421)
http://www.wikidata.org/entity/Q2290583,Siemens & Halske,Германия,Берлин,
http://www.wikidata.org/entity/Q89189545,Siemens Energy AG,Германия,Мюнхен,
http://www.wikidata.org/entity/Q1493131,Siemens Gamesa,Испания,Самудио,
http://www.wikidata.org/entity/Q1493131,Siemens Gamesa,Германия,Самудио,
http://www.wikidata.org/entity/Q594355,Società Piemontese Automobili,Италия,Турин,
http://www.wikidata.org/entity/Q3488266,Société européenne de propulsion,Франция,,
http://www.wikidata.org/entity/Q193701,SpaceX,США,Браунсвилл,
http://www.wikidata.org/entity/Q97439162,Stellantis,Нидерланды,Амстердам,
http://www.wikidata.org/entity/Q172741,Subaru,Япония,Эбису,
http://www.wikidata.org/entity/Q670100,Sulzer,Швейцария,Винтертур,
http://www.wikidata.org/entity/Q2165627,Sunbeam,Великобритания,Вулвергемптон,
http://www.wikidata.org/entity/Q45464,Tatra,Чехия,Копршивнице,
http://www.wikidata.org/entity/Q1161666,Thales,Франция,Мёдон,
http://www.wikidata.org/entity/Q2357348,Thiokol,США,Трентон,
http://www.wikidata.org/entity/Q2357348,Thiokol,США,Бригем-Сити,
http://www.wikidata.org/entity/Q1140383,Triumph,США,Хинкли,
http://www.wikidata.org/entity/Q1140383,Triumph,Великобритания,Хинкли,
http://www.wikidata.org/entity/Q2002470,Türk Havacılık ve Uzay Sanayii A.Ş.,Турция,Анкара,
http://www.wikidata.org/entity/Q1241339,UD Trucks,Япония,Агео,
http://www.wikidata.org/entity/Q2300468,VM Motori,Италия,Ченто,Point(11.295 44.739)
http://www.wikidata.org/entity/Q868259,Vestas,Дания,Орхус,
http://www.wikidata.org/entity/Q163810,Volvo,Швеция,Гётеборг,
http://www.wikidata.org/entity/Q215293,Volvo Cars,Швеция,Гётеборг,Point(11.855 57.722222222)
http://www.wikidata.org/entity/Q1751470,Volvo Penta,Швеция,Гётеборг,
http://www.wikidata.org/entity/Q327429,Wärtsilä,Финляндия,Хельсинки,
http://www.wikidata.org/entity/Q59167,Zündapp,Германия,Мюнхен,
http://www.wikidata.org/entity/Q59167,Zündapp,Германия,Нюрнберг,
http://www.wikidata.org/entity/Q654907,«Бристоль»,Великобритания,Филтон,
http://www.wikidata.org/entity/Q1136766,«Фэрчайлд индастрис»,США,Сан-Антонио,
http://www.wikidata.org/entity/Q391795,Škoda Works,Чехия,Пльзень,Point(13.354033 49.73931)
http://www.wikidata.org/entity/Q391795,Škoda Works,Чехословакия,Пльзень,Point(13.354033 49.73931)
http://www.wikidata.org/entity/Q791733,Авиадвигатель,Россия,Пермь,
http://www.wikidata.org/entity/Q398845,Агуста,Италия,Самарате,
http://www.wikidata.org/entity/Q598758,Аллисон,США,Индианаполис,
http://www.wikidata.org/entity/Q381498,Аэроджет,США,Ранчо-Кордова,
http://www.wikidata.org/entity/Q1016699,Бурмейстер и Вайн,Дания,Копенгаген,
http://www.wikidata.org/entity/Q2562433,Волгоградский тракторный завод,Россия,Волгоград,Point(44.606111111 48.802222222)
http://www.wikidata.org/entity/Q4125417,Воронежский механический завод,Россия,Воронеж,
http://www.wikidata.org/entity/Q1533321,Гном-Рон,Франция,Париж,
http://www.wikidata.org/entity/Q28616,Горьковский автомобильный завод,Россия,Нижний Новгород,
http://www.wikidata.org/entity/Q28616,Горьковский автомобильный завод,СССР,Нижний Новгород,
http://www.wikidata.org/entity/Q1676085,ЗМКБ «Прогресс» им. академика А. Г. Ивченко,Украина,Запорожье,
http://www.wikidata.org/entity/Q638156,Завод имени Лихачёва,Россия,Москва,
http://www.wikidata.org/entity/Q2630674,Завод имени Малышева,Украина,Харьков,
http://www.wikidata.org/entity/Q1342845,Инглиш электрик,Великобритания,Лондон,
http://www.wikidata.org/entity/Q1342845,Инглиш электрик,Великобритания,Ланкашир,
http://www.wikidata.org/entity/Q1342845,Инглиш электрик,Великобритания,Стрэнд,
http://www.wikidata.org/entity/Q1507207,Климов,Россия,Санкт-Петербург,
http://www.wikidata.org/entity/Q4228338,Коломенский завод,Россия,Коломна,
http://www.wikidata.org/entity/Q4231576,Конструкторское бюро химавтоматики,Россия,Воронеж,
http://www.wikidata.org/entity/Q4231574,Конструкторское бюро химического машиностроения им. А. М. Исаева,Россия,Московская область,
http://www.wikidata.org/entity/Q217365,Лаборатории Белла,США,Murray Hill,Point(-74.400277777 40.683333333)
http://www.wikidata.org/entity/Q1878585,Лайкоминг,США,Уильямспорт,
http://www.wikidata.org/entity/Q574579,Лорен-Дитрих,Франция,Люневиль,
http://www.wikidata.org/entity/Q937993,Мотор Сич,Украина,Запорожье,
http://www.wikidata.org/entity/Q620238,НПО Энергомаш,Россия,Химки,
http://www.wikidata.org/entity/Q1949319,НПЦ газотурбостроения «Салют»,Россия,Москва,Point(37.724227777 55.772372222)
http://www.wikidata.org/entity/Q1949319,НПЦ газотурбостроения «Салют»,Россия,Проспект Будённого,Point(37.724227777 55.772372222)
http://www.wikidata.org/entity/Q1476227,Накадзима,Япония,,
http://www.wikidata.org/entity/Q14517591,ОКБ «Факел»,Россия,Калининград,
http://www.wikidata.org/entity/Q4383758,ОКБ Соловьёва,Россия,,
http://www.wikidata.org/entity/Q7090784,Омское моторостроительное конструкторское бюро,Россия,Омск,
http://www.wikidata.org/entity/Q17911,Пьяджо,Италия,Генуя,
http://www.wikidata.org/entity/Q136426,Ракетно-космический центр «Прогресс»,Россия,Самара,
http://www.wikidata.org/entity/Q968710,Рокетдайн,США,Канога-Парк,
http://www.wikidata.org/entity/Q773875,СНЕКМА,Франция,Париж,
http://www.wikidata.org/entity/Q773875,СНЕКМА,Франция,Эври,
http://www.wikidata.org/entity/Q773875,СНЕКМА,Франция,Куркурон,
http://www.wikidata.org/entity/Q15180,СССР,СССР,,Point(90.0 65.0)
http://www.wikidata.org/entity/Q1794589,Самарский научно-технический комплекс имени Н. Д. Кузнецова,Россия,Самара,
http://www.wikidata.org/entity/Q1961355,Сатурн (НПО),Россия,Рыбинск,
http://www.wikidata.org/entity/Q1849871,Турбомека,Франция,Борд,
http://www.wikidata.org/entity/Q1473229,Уральский автомобильный завод,Россия,Миасс,Point(60.124805555 55.0925)
http://www.wikidata.org/entity/Q520263,Фарман,Франция,Châteaufort,
http://www.wikidata.org/entity/Q679201,Фридрих Крупп АГ,Германия,Эссен,
http://www.wikidata.org/entity/Q679201,Фридрих Крупп АГ,Германия,Берндорф,
http://www.wikidata.org/entity/Q336811,ЧКД,Чехия,Прага,
http://www.wikidata.org/entity/Q336811,ЧКД,Чехословакия,Прага,
http://www.wikidata.org/entity/Q600277,Челябинский тракторный завод,Россия,Челябинск,
http://www.wikidata.org/entity/Q851367,Южмаш,Украина,Днепр,
http://www.wikidata.org/entity/Q261015,Ярославский моторный завод,Россия,Ярославль,Point(39.83703 57.64748)
http://www.wikidata.org/entity/Q9076905,конструкторском бюро под руководством А. Д. Швецова,СССР,,
